{"cameraMode":{"drawMode":0,"name":"Shaded","section":"Shading Mode"},"sceneLighting":false,"audioPlay":false,"sceneViewState":{"m_AlwaysRefresh":false,"showFog":true,"showSkybox":false,"showFlares":true,"showImageEffects":true,"showParticleSystems":true,"showVisualEffectGraphs":true,"m_FxEnabled":true},"in2DMode":false,"pivot":{"x":-1.223289132118225,"y":0.14717066287994386,"z":-0.5805321931838989},"rotation":{"x":0.09008297324180603,"y":0.04778138920664787,"z":-0.004327799193561077,"w":0.9947816133499146},"size":1.175538182258606,"orthographic":false}